id;name;address_line_one;address_line_two;city;postal_code
1;reciprocal withdrawal;synthesize compressing;multi-byte Administrator;West Miguel;34695
2;foreground XSS engage;Integration e-markets;Handcrafted iterate PNG;New Prestonfort;26587
3;Springs Jewelery;parsing Licensed morph;content Cambridgeshire Customer-focused;Vladimirton;69966
4;multi-byte Mouse Kitts;Ergonomic Avon;paradigms transitional Multi-layered;Shieldsshire;29430
5;approach;Mountain;haptic;South Timmothyview;92827
6;Bike payment Borders;neural Product Avon;Small;Bartolettiside;2654
7;dynamic;Pants;Market Gorgeous;Grand Prairie;53007
8;Cambridgeshire Cotton;wireless COM Licensed;Supervisor Account Branding;New Angelineton;3829
9;Lats Central cutting-edge;Fresh array;bandwidth expedite;Edaville;98028
10;Maine generating;Delaware Sausages;index;Forestville;16979
